Categor√≠a,Enlace
ciencia,https://www.20minutos.es/noticia/4978880/0/que-es-meteotsunami-consecuencias-destructivas-costa/
ciencia,https://www.20minutos.es/noticia/4978811/0/eaerendel-el-telescopio-hubble-descubre-la-estrella-mas-lejana-jamas-observada-surgida-en-el-big-bang/
ciencia,https://www.20minutos.es/noticia/4978683/0/la-antartida-se-desploma-tras-registrar-records-de-temperatura-una-enorme-plataforma-se-parte-en-miles-de-icebergs/
ciencia,https://www.20minutos.es/noticia/4978283/0/los-volcanes-de-hielo-los-grandes-protagonistas-del-paisaje-de-una-parte-del-planeta-pluton/
ciencia,https://www.20minutos.es/noticia/4978185/0/un-fotografo-capta-desde-la-tierra-la-caminata-espacial-de-dos-astronautas-matthias-estaba-escalando/
ciencia,https://www.20minutos.es/noticia/4977750/0/extirpan-con-exito-un-tumor-cancerigeno-a-un-ave-y-le-colocan-en-la-zona-afectada-una-protesis-hecha-con-una-impresora-3d/
ciencia,https://www.20minutos.es/noticia/4977690/0/los-cientificos-encuentran-formas-de-estudiar-y-reconstruir-los-olores-del-pasado/
ciencia,https://www.20minutos.es/noticia/4977659/0/un-medicamento-en-fase-clinica-cura-las-heridas-de-la-piel-de-mariposa/
ciencia,https://www.20minutos.es/noticia/4977298/0/crean-una-nariz-electronica-para-evaluar-la-calidad-de-la-gasolina/
ciencia,https://www.20minutos.es/noticia/4977037/0/mision-solar-orbiter-mejor-imagen-disco-completo-sol/
ciencia,https://www.20minutos.es/noticia/4976683/0/paquete-toallitas-posible-causa-brote-infeccioso-afecta-mas-personas/
ciencia,https://www.20minutos.es/noticia/4973166/0/por-que-existen-dibujos-nubes-forma-hongo-siglo-xviii/
ciencia,https://www.20minutos.es/noticia/4976639/0/cientificos-descubren-sonido-perfecto-despertarse/
ciencia,https://www.20minutos.es/noticia/4976625/0/investigacion-revela-nos-hace-ser-aburridos/
ciencia,https://www.20minutos.es/noticia/4976255/0/descubren-un-nuevo-y-misterioso-tipo-de-onda-en-el-sol-cuya-velocidad-desafia-cualquier-explicacion/
ciencia,https://www.20minutos.es/noticia/4975982/0/una-persona-come-y-bebe-cinco-gramos-de-microplasticos-a-la-semana-el-equivalente-a-una-tarjeta-de-credito/
ciencia,https://www.20minutos.es/noticia/4975891/0/una-investigacion-revela-el-nombre-original-del-machu-picchu/
ciencia,https://www.20minutos.es/noticia/4975399/0/restos-de-ceramica-prehistorica-permiten-saber-como-se-cocinaba-hace-4-000-anos-en-una-civilizacion-antigua/
ciencia,https://www.20minutos.es/noticia/4974992/0/capturan-la-imagen-del-extraordinario-brazo-superdesarrollado-de-una-galaxia-espiral-torcida/
ciencia,https://www.20minutos.es/noticia/4974947/0/acorralando-a-una-superbacteria-letal-describen-como-se-propaga-el-temido-estafilococo-dorado/
ciencia,https://www.20minutos.es/noticia/4974784/0/desarrollan-un-dispositivo-para-saber-como-te-encuentras-durante-tu-jornada-laboral-y-evitar-quemarse-en-el-trabajo/
ciencia,https://www.20minutos.es/noticia/4974152/0/la-nasa-alcanza-un-nuevo-hito-confirma-5-000-exoplanetas-en-casi-30-anos-tras-el-primer-descubrimiento/
ciencia,https://www.20minutos.es/noticia/4974088/0/los-orangutanes-adaptan-su-vocabulario-al-entorno-social-como-los-humanos/
ciencia,https://www.20minutos.es/noticia/4973104/0/extranas-manchas-analizadas-geologos-profundidades-tierra/
ciencia,https://www.20minutos.es/noticia/4973461/0/desconocidas-valiosas-aguas-subterraneas-estrategicas-para-la-sequia/
ciencia,https://www.20minutos.es/noticia/4973133/0/asi-como-cerebro-humano-reinicia-despues-anestesia/
ciencia,https://www.20minutos.es/noticia/4973084/0/hay-feeling-entre-vosotros-como-saber-estas-cayendo-bien-alguien/
ciencia,https://www.20minutos.es/noticia/4973132/0/por-que-cambio-hora-verano-no-saludable-segun-neurologa/
ciencia,https://www.20minutos.es/noticia/4973125/0/reconstruyen-el-rostro-de-una-mujer-que-vivio-en-la-edad-de-piedra-gracias-a-sus-restos-oseos-hallados-hace-un-siglo/
ciencia,https://www.20minutos.es/noticia/4973098/0/lo-que-ves-ya-ha-ocurrido-el-cerebro-crea-una-ilusion-con-la-informacion-captada-en-los-ultimos-15-segundo/
ciencia,https://www.20minutos.es/noticia/4973017/0/astronomos-disenan-un-metodo-para-describir-las-rafagas-de-radio-rapidas-que-vienen-de-mas-alla-de-la-via-lactea/
ciencia,https://www.20minutos.es/noticia/4972713/0/el-dinosaurio-cojo-de-la-rioja-cientificos-espanoles-tratan-de-confirmar-si-sufria-una-patologia-o-es-una-nueva-especie/
ciencia,https://www.20minutos.es/noticia/4972465/0/un-estudio-desvincula-las-vacunas-contra-el-covid-de-algunos-posibles-danos-neurologicos-raros/
ciencia,https://www.20minutos.es/noticia/4971979/0/china-halla-un-nuevo-tipo-de-dinosaurio-que-vivio-hace-190-millones-de-anos/
ciencia,https://www.20minutos.es/noticia/4971471/0/mark-vande-hei-el-astronauta-en-el-ojo-de-la-nueva-crisis-entre-rusia-y-ee-uu-supera-el-record-del-viaje-espacial-mas-largo-de-su-pais/
ciencia,https://blogs.20minutos.es/ciencia-para-llevar-csic
ciencia,https://www.20minutos.es/noticia/4971979/0/china-halla-un-nuevo-tipo-de-dinosaurio-que-vivio-hace-190-millones-de-anos/
ciencia,https://www.20minutos.es/noticia/4971471/0/mark-vande-hei-el-astronauta-en-el-ojo-de-la-nueva-crisis-entre-rusia-y-ee-uu-supera-el-record-del-viaje-espacial-mas-largo-de-su-pais/
ciencia,https://www.20minutos.es/noticia/4971518/0/la-nasa-predice-con-exactitud-el-impacto-de-un-pequeno-asteroide/
ciencia,https://www.20minutos.es/noticia/4971264/0/el-csic-dice-adios-a-la-vacuna-contra-la-covid-de-mariano-esteban-y-se-centrara-en-nuevas-variantes/
ciencia,https://www.20minutos.es/noticia/4971190/0/identifican-la-feromona-sexual-de-la-avispa-asiatica-gigante-lo-que-puede-ayudar-a-eliminarla/
ciencia,https://www.20minutos.es/noticia/4969634/0/ciencia-explica-misterio-detras-momia-sirena-inmortalidad/
ciencia,https://www.20minutos.es/noticia/4966317/0/descubren-crater-mas-grande-conocido-tierra-ultimos-anos/
ciencia,https://www.20minutos.es/noticia/4969888/0/inventor-ropa-cerveza-arte-otros-genios-prehistoria/
ciencia,https://www.20minutos.es/noticia/4969619/0/exposicion-plomo-reducido-coeficiente-intelectual-mitad-estadounidenses/
ciencia,https://www.20minutos.es/noticia/4969392/0/asi-seria-un-planeta-como-la-tierra-orbitando-alfa-centauri/
ciencia,https://www.20minutos.es/noticia/4968834/0/una-piedra-logra-subirse-al-rover-perseverance-de-la-nasa-durante-su-exploracion-en-marte/
ciencia,https://www.20minutos.es/noticia/4968630/0/de-analizar-el-impacto-de-la-covid-en-tiempo-real-a-usar-el-polen-para-hacerlo-con-las-pandemias-del-pasado/
ciencia,https://www.20minutos.es/noticia/4968459/0/el-fracaso-segun-la-perspectiva-de-genero-ellos-lo-atribuyen-a-la-mala-suerte-y-ellas-a-la-falta-de-talento/
ciencia,https://www.20minutos.es/noticia/4968331/0/atades-pone-servicio-ninos-necesidades-especiales-exoesqueleto-ayudar-rehabilitacion/
ciencia,https://www.20minutos.es/noticia/4968266/0/el-dolor-muscular-prevalece-en-cerca-de-la-mitad-de-los-pacientes-poscovid/
ciencia,https://www.20minutos.es/noticia/4968201/0/los-organos-del-cuerpo-envejecen-a-distintos-ritmos-gracias-a-los-multiples-relojes-del-cuerpo-humano/
ciencia,https://www.20minutos.es/noticia/4967850/0/redescubren-en-ruanda-una-especie-de-murcielago-perdida-hace-40-anos/
ciencia,https://www.20minutos.es/noticia/4967500/0/descubierta-la-mayor-molecula-en-un-disco-de-formacion-de-planetas/
ciencia,https://www.20minutos.es/noticia/4967460/0/el-ictus-cerebral-mata-las-neuronas-mediante-ondas-electricas-letales/
ciencia,https://www.20minutos.es/noticia/4962420/0/cuanto-nos-queda-por-vivir-en-esta-pandemia-mas-de-un-ano-esto-no-es-una-gripe-hay-reservorios-animales/
ciencia,https://www.20minutos.es/noticia/4967090/0/descubren-mas-de-20-variantes-geneticas-que-predisponen-al-covid-grave/
ciencia,https://www.20minutos.es/noticia/4966328/0/esto-pasaria-todas-bombas-nucleares-estallaran-vez/
ciencia,https://www.20minutos.es/noticia/4966104/0/nueva-teoria-365-dias-que-explicaria-misterioso-origen-stonehenge/
ciencia,https://www.20minutos.es/noticia/4966299/0/lejos-necesitarias-estar-sobrvivir-explosion-nuclear/
ciencia,https://www.20minutos.es/noticia/4952105/0/palabras-etiqueta-galleta-pueden-alterar-sabor-estudio/
ciencia,https://blogs.20minutos.es/ciencia-para-llevar-csic
ciencia,https://www.20minutos.es/noticia/4966042/0/destino-europa-jupiter-luna-nasa-comienza-ensamblar-nave-clipper-estudiar/
ciencia,https://www.20minutos.es/noticia/4966024/0/china-desarrolla-un-anticuerpo-aspirable-contra-el-coronavirus-y-sus-variantes/
ciencia,https://www.20minutos.es/noticia/4965704/0/nasa-estudiara-fabricar-in-situ-trajes-medida-explorar-marte/
ciencia,https://www.20minutos.es/noticia/4965478/0/los-plasticos-que-contaminan-el-mar-pueden-expandir-especies-invasoras-por-todo-el-mundo/
ciencia,https://www.20minutos.es/noticia/4964557/0/estudio-preliminar-nueva-york-eficacia-vacuna-pfizer-ninos-adolescentes-covid/
ciencia,https://www.20minutos.es/noticia/4964512/0/tyrannosaurus-rex-unico-genero-dinosaurios/
ciencia,https://www.20minutos.es/noticia/4964409/0/astrobiologos-predicen-la-quimica-de-la-vida-como-no-la-conocemos/
ciencia,https://www.20minutos.es/noticia/4964189/0/las-aves-tambien-peinan-canas/
ciencia,https://www.20minutos.es/noticia/4964160/0/documentan-como-los-romanos-explotaban-las-minas-de-esmeraldas-en-egipto/
ciencia,https://www.20minutos.es/noticia/4962869/0/que-son-esferas-cristal-encontrado-luna/
ciencia,https://www.20minutos.es/noticia/4962893/0/continente-olvidado-millones-anos-redescubierto/
ciencia,https://www.20minutos.es/noticia/4962849/0/identificado-en-roma-el-fosil-del-primer-lobo-de-europa-que-habria-vivido-hace-400-000-anos/
ciencia,https://www.20minutos.es/noticia/4962336/0/un-agujero-negro-desafia-todos-los-conocimientos-actuales-sobre-su-formacion-por-que-gira-asi/
ciencia,https://www.20minutos.es/noticia/4962251/0/que-pasa-por-tu-cabeza-antes-de-morir-un-grupo-de-expertos-resuelve-la-eterna-incognita-por-casualidad/
ciencia,https://www.20minutos.es/noticia/4962052/0/asi-se-ven-desde-el-espacio-las-monstruosas-olas-en-la-costa-de-nazare/
ciencia,https://www.20minutos.es/noticia/4961992/0/el-buque-cientifico-hesperides-da-media-vuelta-por-un-brote-covid-para-evitar-dejar-el-virus-en-la-antartida/
ciencia,https://www.20minutos.es/noticia/4961728/0/la-gigantesca-roca-huerfana-de-marte-sin-comprador-en-una-subasta-de-varias-decenas-de-piezas-extraterrestres/
ciencia,https://www.20minutos.es/noticia/4961375/0/hallan-los-restos-de-ocho-ninos-que-habrian-sido-sacrificados-para-honrar-a-un-hombre-rico-en-un-rito-preincaico/
ciencia,https://www.20minutos.es/noticia/4961344/0/balkanatolia-un-continente-olvidado-que-explica-la-evolucion-de-los-mamiferos-en-europa/
ciencia,https://www.20minutos.es/noticia/4961290/0/un-mundo-como-tatooine-a-245-anos-luz-confirmado-desde-tierra/
ciencia,https://www.20minutos.es/noticia/4960888/0/policia-nacional-12000-piezas-historias-peninsula-iberica/
ciencia,https://www.20minutos.es/noticia/4960804/0/iberospinus-natarioi-la-nueva-especie-de-dinosaurio-descubierta-en-portugal/
ciencia,https://www.20minutos.es/noticia/4960790/0/muere-el-biologo-frances-francois-gros-codescubridor-del-arn-mensajero/
ciencia,https://www.20minutos.es/noticia/4960696/0/descubren-una-de-las-estrellas-mas-luminosas-de-la-via-lactea/
ciencia,https://www.20minutos.es/noticia/4960684/0/la-aplicacion-de-tecnologia-espacial-facilitara-la-deteccion-de-melanomas/
ciencia,https://blogs.20minutos.es/ciencia-para-llevar-csic
deportes,https://www.20minutos.es/deportes/noticia/4978854/0/barcelona-real-madrid-femenino-cuartos-final-champions-camp-nou/
deportes,https://www.20minutos.es/deportes/noticia/4978440/0/carlo-ancelotti-positivo-covid-real-madrid-celta-champions-chelsea/
deportes,https://www.20minutos.es/deportes/noticia/4978955/0/badosa-retirada-miami-pleno-partido-lesion/
deportes,https://www.20minutos.es/deportes/noticia/4978189/0/claves-sorteo-mundial-catar-espana-cocos-alemania/
deportes,https://www.20minutos.es/deportes/noticia/4978362/0/alcaraz-pasa-a-cuartos-en-miami-tras-vencer-a-tsitsipas-y-lograr-un-punto-antologico-con-golpe-bajo-las-piernas/
deportes,https://www.20minutos.es/deportes/noticia/4978034/0/carlos-sainz-charles-leclerc-ferrari-2022/
deportes,https://www.20minutos.es/deportes/noticia/4978389/0/max-mosley-suicidio-muerte-disparo-cancer/
deportes,https://www.20minutos.es/deportes/noticia/4978637/0/interrogatorio-santi-mina-victima-agresion-sexual/
deportes,https://www.20minutos.es/deportes/noticia/4978377/0/kyrgios-miami-enfado-revienta-raqueta-juez-silla/
deportes,https://www.20minutos.es/deportes/noticia/4978344/0/sport-disculpas-aficion-seleccion-barcelona-colonia-espanola/
deportes,https://www.20minutos.es/deportes/noticia/4978137/0/eden-hazard-se-perdera-lo-que-resta-de-temporada-tras-ser-retirada-su-placa-del-tobillo/
deportes,https://www.20minutos.es/deportes/noticia/4978883/0/kylie-mckenzie-abusos-sexuales-entrenador-demanda-federacion-eeuu/
deportes,https://www.20minutos.es/deportes/noticia/4978818/0/iran-investigara-prohibicion-entrada-mujeres-futbol-rociadas-gas-pimienta/
deportes,https://www.20minutos.es/deportes/noticia/4978816/0/willy-tenis-movimiento-alcaraz-sorprendio-mundo-tsitsipas/
deportes,https://www.20minutos.es/deportes/noticia/4978560/0/horario-donde-ver-barcelona-real-madrid-femenino/
deportes,https://www.20minutos.es/deportes/noticia/4978373/0/alvaro-morata-capitan-seleccion-espanola-moneda/
deportes,https://www.20minutos.es/deportes/noticia/4977917/0/paula-badosa-toma-el-relevo-de-garbine-muguruza-en-el-tenis-espanol-un-ascenso-marcado-por-el-carisma/
deportes,https://www.20minutos.es/deportes/noticia/4977849/0/sin-tiempo-para-hacer-deporte-los-mejores-pedales-estaticos-para-ejercitar-las-piernas-o-brazos-incluso-en-el-sofa/
deportes,https://www.20minutos.es/deportes/noticia/4978265/0/polonia-suecia-directo/
deportes,https://www.20minutos.es/deportes/noticia/4978259/0/portugal-macedonia-directo/
deportes,https://www.20minutos.es/deportes/noticia/4978207/0/espana-islandia-directo/
deportes,https://www.20minutos.es/deportes/noticia/4978232/0/elina-svitolina-se-toma-paron-guerra-rusia-ucrania-dolor-mi-corazon/
deportes,https://www.20minutos.es/deportes/noticia/4978246/0/presidente-cska-denuncia-rusofobia-baloncesto/
deportes,https://www.20minutos.es/deportes/noticia/4978215/0/shaquille-o-neal-grave-problema-salud-dormir-conectado-a-una-maquina/
deportes,https://www.20minutos.es/deportes/noticia/4978133/0/laporta-silencia-rumores-vuelta-messi/
deportes,https://www.20minutos.es/deportes/noticia/4978051/0/dura-respuesta-naomi-osaka-propuesta-igualdad-tsitsipas-tenis-femenino-que-juegue-nueve-sets/
deportes,https://www.20minutos.es/deportes/noticia/4978003/0/futbolista-levante-abusos-barcelona-carta-laporta/
deportes,https://www.20minutos.es/deportes/noticia/4977934/0/radio-hamilton-gp-arabia-saudi-posicion-final/
deportes,https://www.20minutos.es/deportes/noticia/4977887/0/muere-portero-miguel-van-damme-leucemia-2016/
deportes,https://www.20minutos.es/deportes/noticia/4977816/0/carlos-alcaraz-puntazo-globo-marin-cilic-locura-publico-tercera-ronda/
deportes,https://www.20minutos.es/deportes/noticia/4977834/0/dazn-movistar-acuerdo-television-laliga-derechos/
deportes,https://www.20minutos.es/deportes/noticia/4977823/0/marc-marquez-no-correra-el-gp-de-argentina-por-su-problema-en-la-vista/
deportes,https://www.20minutos.es/deportes/noticia/4977792/0/alianza-contra-borrado-mujeres-pide-reunion-iceta-deportistas-pierden-contra-hombres/
deportes,https://www.20minutos.es/deportes/noticia/4977764/0/las-prendas-de-the-north-face-con-hasta-un-60-de-descuento-por-tiempo-limitado-en-el-corte-ingles/
deportes,https://www.20minutos.es/deportes/noticia/4977758/0/entrenadora-baloncesto-discriminacion-machismo/
deportes,https://www.20minutos.es/deportes/noticia/4977747/0/joan-laporta-will-smith-jada-pinkett-alopecia/
deportes,https://www.20minutos.es/deportes/noticia/4977710/0/megan-rapinoe-sue-bird-lia-thomas-familia-trans-esta-siendo-atacada/
deportes,https://www.20minutos.es/deportes/noticia/4977707/0/espana-islandia-amistoso-riazor-previa-mundial-catar/
deportes,https://www.20minutos.es/deportes/noticia/4977536/0/la-clasificacion-para-catar-al-rojo-vivo-peligra-el-mundial-para-grandes-estrellas-como-cristiano-lewandowski-bale/
deportes,https://www.20minutos.es/deportes/noticia/4977350/0/fernando-alonso-companeros-equipo-formula-1-esteban-ocon-alpine/
deportes,https://www.20minutos.es/deportes/noticia/4977733/0/carlos-alcaraz-sigue-con-paso-firme-en-miami-y-pasa-a-octavos-de-final/
deportes,https://www.20minutos.es/deportes/noticia/4977679/0/santi-mina-juicio-agresion-sexual-declara-agresiones-consentidas/
deportes,https://www.20minutos.es/deportes/noticia/4977641/0/ansu-fati-vuelve-a-entrenar-barcelona-regreso-tras-lesion/
deportes,https://www.20minutos.es/deportes/noticia/4977634/0/world-rugby-investiga-clasificacion-mundialista-espana-elegibilidad-jugador/
deportes,https://www.20minutos.es/deportes/noticia/4977572/0/cristiano-ronaldo-presencia-mundial-catar-2022-2026-quien-manda-soy-yo/
deportes,https://www.20minutos.es/deportes/noticia/4977574/0/abramovich-equipo-negociador-sintomas-presunto-envenenamiento/
deportes,https://www.20minutos.es/deportes/noticia/4977532/0/emily-bridges-ciclista-britanica-transgenero-competicion-femenina/
deportes,https://www.20minutos.es/deportes/noticia/4977505/0/egan-bernal-regreso-entrenamientos-accidente-colombia-autobus/
deportes,https://www.20minutos.es/deportes/noticia/4977466/0/chiringuito-pedrerol-rap-principe-de-bel-air-will-smith-agresion-chris-rock-oscars/
deportes,https://www.20minutos.es/deportes/noticia/4977250/0/imagen-cara-kiko-martinez-cabezazos-ultimo-combate/
deportes,https://www.20minutos.es/deportes/noticia/4977401/0/arbitro-atletico-madrid-manchester-united-infarto/
deportes,https://www.20minutos.es/deportes/noticia/4977359/0/muere-promesa-futbol-americano-nfl-caer-atraccion-parque-tematico/
deportes,https://www.20minutos.es/deportes/noticia/4977340/0/nadadora-ucrania-pisa-bandera-ministro-deportes-ruso/
deportes,https://www.20minutos.es/deportes/noticia/4977292/0/coe-sanchez-aragones-lamban-cataluna-aragon-juegos-olimpicos-invierno/
deportes,https://www.20minutos.es/deportes/noticia/4977277/0/video-lagrimas-alphonso-davies-corazon-covid-canada-mundial-catar/
deportes,https://www.20minutos.es/deportes/noticia/4977234/0/mbappe-francia-contrato-enfrentamiento/
deportes,https://www.20minutos.es/deportes/noticia/4977170/0/keylor-navas-refugiados-ucrania-casa/
deportes,https://www.20minutos.es/deportes/noticia/4977189/0/dos-ballenas-obligan-detener-carrera-sailgp-regata/
deportes,https://www.20minutos.es/deportes/noticia/4977133/0/azarenka-retirada-tenis-estres-extremo/
deportes,https://www.20minutos.es/deportes/noticia/4977114/0/richard-williams-padre-venus-serena-tenis-oscar-will-smith/
deportes,https://www.20minutos.es/deportes/noticia/4977107/0/celta-vigo-real-madrid-piscinazo-cristiano-ronaldo/
deportes,https://www.20minutos.es/deportes/noticia/4977077/0/esteban-ocon-problema-fernando-alonso-alpine-gp-arabia-saudi/
deportes,https://www.20minutos.es/deportes/noticia/4977011/0/grandes-nombres-cambiar-equipo-coste-cero-verano-pogba-belotti-ruediger/
deportes,https://www.20minutos.es/deportes/noticia/4976272/0/recupera-tu-estilo-de-vida-fitness-esta-primavera-con-la-ayuda-de-las-mejores-pulseras-de-actividad/
deportes,https://www.20minutos.es/deportes/noticia/4977062/0/otro-vacilon-circuito-golpe-mango-alexander-bublik/
deportes,https://www.20minutos.es/deportes/noticia/4977044/0/video-ocon-alonso-pique-gp-arabia-saudi/
deportes,https://www.20minutos.es/deportes/noticia/4977027/0/verguenza-futbol-gallego-celta-deportivo/
deportes,https://www.20minutos.es/deportes/noticia/4976983/0/directo-gp-arabia-saudi-sainz-leclerc-verstappen-alonso/
deportes,https://www.20minutos.es/deportes/noticia/4977017/0/coronavirus-twitter-responde-escalador-alberto-gines/
deportes,https://www.20minutos.es/deportes/noticia/4977004/0/caster-semenya-intersexual-world-athletics-criterios/
deportes,https://www.20minutos.es/deportes/noticia/4976987/0/policia-detiene-error-cronometrador-media-maraton-segovia/
deportes,https://www.20minutos.es/deportes/noticia/4976982/0/moneke-denuncia-insultos-racistas-llovet-andorra-baloncesto/
deportes,https://www.20minutos.es/deportes/noticia/4976973/0/expulsan-comisario-arabia-saudi-desear-accidente-lewis-hamilton/
deportes,https://www.20minutos.es/deportes/noticia/4976962/0/real-madrid-castilla-gol-anulado-fuera-juego-raul/
deportes,https://www.20minutos.es/deportes/noticia/4976916/0/cruce-declaraciones-pliskova-tsitsipas-tenis/
deportes,https://www.20minutos.es/deportes/noticia/4976912/0/messi-futuro-estados-unidos-miami-beckham/
deportes,https://www.20minutos.es/deportes/noticia/4976893/0/vuelta-seleccion-espanola-cataluna-banderas-gritos-unidad-canticos/
deportes,https://www.20minutos.es/deportes/noticia/4976887/0/kiko-martinez-derrota-titulo-mundial-boxeo-robo/
deportes,https://www.20minutos.es/deportes/noticia/4976879/0/lewis-hamilton-gp-arabia-saudi-problemas/
deportes,https://www.20minutos.es/deportes/noticia/4976859/0/video-accidente-mick-schumacher-clasificacion-gp-arabia-saudi/
deportes,https://www.20minutos.es/deportes/noticia/4976848/0/espana-albania-directo/
deportes,https://www.20minutos.es/deportes/noticia/4976840/0/directo-clasificacion-gp-arabia-saudi-leclerc-verstappen-sainz-alonso/
deportes,https://www.20minutos.es/deportes/noticia/4976830/0/guerra-ucrania-retrasa-obras-camp-nou/
deportes,https://www.20minutos.es/deportes/noticia/4976829/0/hugo-gonzalez-record-ncaa-campeon-natacion-espana/
deportes,https://www.20minutos.es/deportes/noticia/4976813/0/esquiador-aymar-navarro-accidente-free-ski/
deportes,https://www.20minutos.es/deportes/noticia/4976794/0/richaun-holmes-acusado-agredir-hijo-seis-anos/
deportes,https://www.20minutos.es/deportes/noticia/4976776/0/leo-messi-futuro-seleccion-argentina-futbol/
deportes,https://www.20minutos.es/deportes/noticia/4976763/0/lia-thomas-nadadora-trans-rivales-exigen-ncaa-prohibirla-competir/
deportes,https://www.20minutos.es/deportes/noticia/4976745/0/cedric-baekeland-ciclista-muere-infarto/
deportes,https://www.20minutos.es/deportes/noticia/4976738/0/barcelona-burlas-critica-cantera-jugadores-masia/
deportes,https://www.20minutos.es/deportes/noticia/4976717/0/nick-kyrgios-multa-raqueta-rafa-nadal-indian-wells/
deportes,https://www.20minutos.es/deportes/noticia/4976686/0/hazard-quirofano-operacion-lesion-pierna-derecha/
deportes,https://www.20minutos.es/deportes/noticia/4976666/0/coe-acuerdo-juegos-olimpicos-invierno-pirineo-2030-aragon-niega/
deportes,https://www.20minutos.es/deportes/noticia/4976626/0/atentado-misiles-yemen-terroristas-gp-arabia-saudi-formula-1/
deportes,https://www.20minutos.es/deportes/noticia/4976616/0/gareth-bale-carta-prensa-parasitos/
deportes,https://www.20minutos.es/deportes/noticia/4976552/0/futbol-americano-femenino-espana-playoffs-escandalo/
gente,https://www.20minutos.es/noticia/4978917/0/muere-tom-parker-cantante-de-the-wanted-a-los-33-anos/
gente,https://www.20minutos.es/noticia/4978918/0/el-streamer-ibai-llanos-en-la-lista-de-forbes-de-los-30-jovenes-mas-influyentes-junto-a-rosalia/
gente,https://www.20minutos.es/noticia/4978881/0/la-tiktoker-esperansa-grasia-ficha-como-colaboradora-del-programa-de-radio-yu-no-te-pierdas-nada/
gente,https://www.20minutos.es/noticia/4978858/0/auron-grefg-y-mas-streamers-se-quejan-de-los-servidores-de-twitch-durante-el-directo-de-ibai-de-disaster-chef/
gente,https://www.20minutos.es/noticia/4978847/0/james-middleton-deja-caer-que-pronto-podria-ser-padre-vais-a-tener-un-bebe/
gente,https://www.20minutos.es/noticia/4978795/0/laura-escanes-le-frena-los-pies-a-un-seguidor-de-instagram-que-cuestiona-su-papel-de-ser-madre/
gente,https://www.20minutos.es/noticia/4978792/0/paula-gonu-gana-40-000-euros-tras-proclamarse-vencedora-del-disaster-chef-de-ibai-llanos-junto-a-werlyb/
gente,https://www.20minutos.es/noticia/4978733/0/ortega-cano-ficha-por-el-gobierno-de-ayuso-como-vocal-del-centro-de-asuntos-taurinos-de-la-comunidad-de-madrid/
gente,https://www.20minutos.es/noticia/4978727/0/el-ambicioso-nuevo-proyecto-de-leonardo-dicaprio-producira-diamantes-artificiales-en-trujillo/
gente,https://www.20minutos.es/noticia/4978729/0/mario-cimarro-juan-reyes-en-pasion-de-gavilanes-anuncia-que-va-a-ser-padre-a-los-50-anos/
gente,https://www.20minutos.es/noticia/4978674/0/melodie-y-beltran-de-la-isla-de-las-tentaciones-explican-el-porque-de-su-ultima-crisis-amorosa/
gente,https://www.20minutos.es/noticia/4978659/0/kiko-rivera-carga-contra-telecinco-en-el-disaster-chefs-de-ibai-llanos/
gente,https://www.20minutos.es/noticia/4978665/0/jaime-astrain-novio-lidia-torrent-first-dates/
gente,https://www.20minutos.es/noticia/4978570/0/la-ropa-le-juega-una-mala-pasada-a-katy-parry/
gente,https://www.20minutos.es/noticia/4978582/0/diego-matamoros-hospitalizado-por-una-enfermedad-degenerativa/
gente,https://www.20minutos.es/noticia/4978566/0/marta-riesco-en-el-programa-de-ana-rosa-quiero-tener-hijos-con-la-persona-de-la-que-estoy-enamorada/
gente,https://www.20minutos.es/noticia/4978588/0/la-dura-infancia-de-chris-rock-sufrio-doble-acoso-por-ser-pequeno-y-negro/
gente,https://www.20minutos.es/noticia/4978430/0/la-madre-y-la-hermana-de-will-smith-rompen-su-silencio-tras-el-incidente-de-los-oscar/
gente,https://www.20minutos.es/noticia/4978534/0/la-hija-de-paz-vega-va-a-debutar-como-chica-disney-muy-pronto/
gente,https://www.20minutos.es/noticia/4978528/0/un-dron-sobrevuela-la-vivienda-de-will-smith-y-la-policia-se-presenta-en-la-casa-aunque-se-desconocen-las-causas/
gente,https://www.20minutos.es/noticia/4978498/0/la-madre-de-almudena-cid-estalla-contra-christian-galvez-ha-sido-un-mentiroso-toda-la-vida/
gente,https://www.20minutos.es/noticia/4978486/0/sandra-pica-confiesa-que-la-enfermedad-que-padece-no-tiene-cura/
gente,https://www.20minutos.es/noticia/4978475/0/concha-velasco-se-cambia-de-residencia/
gente,https://www.20minutos.es/noticia/4978462/0/antonio-resines-anuncia-que-sera-profesor-en-un-master/
gente,https://www.20minutos.es/noticia/4978402/0/alec-e-hilaria-baldwin-anuncian-que-estan-esperando-su-septimo-hijo/
gente,https://www.20minutos.es/noticia/4978388/0/una-mujer-de-58-anos-podria-ir-a-prision-por-acosar-a-david-beckham-y-a-su-hija/
gente,https://www.20minutos.es/noticia/4978379/0/la-impactante-imagen-de-la-enfermedad-de-la-piel-de-carme-chaparro/
gente,https://www.20minutos.es/noticia/4978374/0/christian-galvez-ya-conoce-a-la-familia-de-patricia-pardo-las-imagenes-de-su-primera-escapada-romantica/
gente,https://www.20minutos.es/noticia/4978372/0/ana-maria-aldon-arremete-contra-ortega-cano-y-rocio-flores-me-quise-quitar-de-en-medio-por-mi-familia-politica/
gente,https://www.20minutos.es/noticia/4978371/0/las-primeras-fotografias-como-pareja-de-antonio-david-flores-y-marta-riesco/
gente,https://www.20minutos.es/noticia/4978370/0/lidia-torrent-y-jaime-astrain-anuncian-que-esperan-su-primer-bebe-juntos/
gente,https://www.20minutos.es/noticia/4978367/0/carmen-borrego-he-ganado-mas-de-8-millones-de-euros-y-me-los-he-gastado/
gente,https://www.20minutos.es/noticia/4978364/0/muere-la-periodista-y-actriz-celia-sanchez-a-los-50-anos/
gente,https://www.20minutos.es/noticia/4978372/0/ana-maria-aldon-arremete-contra-ortega-cano-y-rocio-flores-me-quise-quitar-de-en-medio-por-mi-familia-politica/
gente,https://www.20minutos.es/noticia/4978371/0/las-primeras-fotografias-como-pareja-de-antonio-david-flores-y-marta-riesco/
gente,https://www.20minutos.es/noticia/4978370/0/lidia-torrent-y-jaime-astrain-anuncian-que-esperan-su-primer-bebe-juntos/
gente,https://www.20minutos.es/noticia/4978367/0/carmen-borrego-he-ganado-mas-de-8-millones-de-euros-y-me-los-he-gastado/
gente,https://www.20minutos.es/noticia/4978364/0/muere-la-periodista-y-actriz-celia-sanchez-a-los-50-anos/
gente,https://www.20minutos.es/noticia/4978343/0/horoscopo-miercoles-30-marzo-2022/
gente,https://www.20minutos.es/noticia/4978336/0/rocio-osorno-responde-a-la-pregunta-del-millon-estas-con-casillas/
gente,https://www.20minutos.es/noticia/4978327/0/pilar-rubio-y-sergio-ramos-disfrutan-de-un-dia-familiar-en-disneyland-paris-una-experiencia-inolvidable/
gente,https://www.20minutos.es/noticia/4978292/0/nerea-garmendia-anuncia-que-padece-un-33-de-sordera-hay-que-normalizarlo-ser-sordo-no-es-malo/
gente,https://www.20minutos.es/noticia/4978275/0/maria-pombo-explica-por-que-ha-vendido-su-casa-antes-de-su-aparicion-en-mi-casa-es-la-tuya-fue-imposible-de-rechazar/
gente,https://www.20minutos.es/noticia/4978260/0/lalachus-aplaudida-por-su-respuesta-a-los-haters-un-beso-para-las-personas-que-les-jode-ver-a-una-gorda-bailando/
gente,https://www.20minutos.es/noticia/4978230/0/ben-travolta-hijo-de-john-travolta-adopta-a-la-perrita-abandonada-que-fue-presentada-en-la-gala-de-los-oscar/
gente,https://www.20minutos.es/noticia/4978231/0/angela-marmol-confiesa-que-se-va-a-someter-a-una-operacion-de-pecho-lo-quiero-normalizar-que-no-sea-tabu/
gente,https://www.20minutos.es/noticia/4978182/0/muere-de-cancer-la-hermana-mayor-de-cristina-saavedra-presentadora-de-lasexta-noticias/
gente,https://www.20minutos.es/noticia/4978139/0/tamara-gorro-continua-en-su-lucha-contra-la-depresion/
gente,https://www.20minutos.es/noticia/4978200/0/frank-cuesta-agradece-emocionado-la-donacion-de-el-rubius-a-protectoras-de-animales-me-ha-sorprendido/
gente,https://www.20minutos.es/noticia/4978103/0/jennifer-lopez-y-ben-affleck-se-compran-una-mansion-en-los-angeles-por-50-millones-de-euros/
gente,https://www.20minutos.es/noticia/4978135/0/el-streamer-axozer-entre-los-hispanohablantes-con-mas-suscriptores-en-twich-con-tan-solo-18-anos/
gente,https://www.20minutos.es/noticia/4978118/0/quien-es-kayote-joseph-coach-bienestar-oscar-regalan-nominados-sesion/
gente,https://www.20minutos.es/noticia/4978106/0/will-smith-ya-aviso-a-pablo-motos-hace-anos-pocas-bromas-con-su-mujer/
gente,https://www.20minutos.es/noticia/4978112/0/miguel-sanchez-encinas-futuro-marido-chenoa-medico/
gente,https://www.20minutos.es/noticia/4978090/0/antonio-david-visita-a-olga-moreno-tras-su-lipoescultura-y-zanja-los-rumores-de-mala-relacion-yo-siempre-con-ella/
gente,https://www.20minutos.es/noticia/4978080/0/patri-y-lester-la-isla-de-las-tentaciones-denuncian-el-maltrato-a-su-cachorro-pongo-en-un-hotel-canino/
gente,https://www.20minutos.es/noticia/4978024/0/los-reyes-de-espana-se-unen-al-homenaje-al-duque-de-edimburgo/
gente,https://www.20minutos.es/noticia/4978022/0/palacio-marques-mirabel-plasencia-celebrara-boda-alvaro-falco-isabelle-junot/
gente,https://www.20minutos.es/noticia/4977878/0/los-duques-de-cambridge-acaban-su-gira-caribena-admitiendo-el-fracaso-de-su-empresa/
gente,https://www.20minutos.es/noticia/4978009/0/la-reina-isabel-ii-reaparece-en-el-homenaje-a-su-marido-el-duque-de-edimburgo/
gente,https://www.20minutos.es/noticia/4977930/0/olga-moreno-y-rocio-flores-pasan-por-quirofano-para-someterse-a-una-lipoescultura/
gente,https://www.20minutos.es/noticia/4977898/0/rosalia-acude-a-comer-al-restaurante-de-dabiz-munoz-y-termina-bailando-con-cristina-pedroche-para-tiktok/
gente,https://www.20minutos.es/noticia/4977853/0/fabiola-martinez-muestra-sus-problemas-de-alopecia-gracias-a-jada-pinkett-llevo-anos-aplicandome-un-tratamiento/
gente,https://www.20minutos.es/noticia/4977835/0/taylor-swift-recibira-el-doctorado-honorifico-en-bellas-artes-de-la-universidad-de-nueva-york/
gente,https://www.20minutos.es/noticia/4977831/0/lujosos-regalos-nominados-oscar-91000-euros/
gente,https://www.20minutos.es/noticia/4977807/0/un-carrito-de-golf-de-75-000-euros-la-extrana-silla-de-ruedas-que-utilizara-isabel-ii/
gente,https://www.20minutos.es/noticia/4977810/0/lara-alvarez-llora-la-muerte-de-su-perro-choco-su-amor-eterno/
gente,https://www.20minutos.es/noticia/4977778/0/will-smith-y-chris-rock-reciben-una-oferta-del-youtuber-jake-paul-para-pelear-en-un-ring/
gente,https://www.20minutos.es/noticia/4977790/0/lucia-villalon-embarazada-de-un-bebe-diagnosticado-con-gastrosquisis-tendra-que-ser-operado-nada-mas-nacer/
gente,https://www.20minutos.es/noticia/4977780/0/ezra-miller-estrella-de-the-flash-detenido-por-acoso/
gente,https://www.20minutos.es/noticia/4977769/0/gloria-camila-reprende-publicamente-a-su-tia-conchi-tras-su-enfrentamiento-con-ana-maria-aldon/
gente,https://www.20minutos.es/noticia/4977761/0/los-elevados-gastos-minimos-mensuales-de-makoke-que-acentuan-su-mala-situacion-economica/
gente,https://www.20minutos.es/noticia/4977751/0/el-entorno-de-almudena-cid-niega-la-veracidad-del-acuerdo-de-divorcio-y-la-carta-de-galvez-ni-se-atrevio-a-llamar/
gente,https://www.20minutos.es/noticia/4977748/0/manu-tenorio-tras-la-controversia-con-rosa-nuestra-relacion-esta-a-prueba-de-declaraciones-y-de-manipulaciones/
gente,https://www.20minutos.es/noticia/4977746/0/pepe-navarro-y-su-exmujer-eva-zaldivar-demandan-a-ivonne-reyes-por-sus-insinuaciones-sobre-su-paternidad/
gente,https://www.20minutos.es/noticia/4977740/0/el-supuesto-romance-entre-jada-pinkett-y-chris-rock-motivo-del-enfado-de-will-smith-y-su-agresion-al-comico/
gente,https://www.20minutos.es/noticia/4977647/0/la-debil-salud-de-concha-velasco/
gente,https://www.20minutos.es/noticia/4977654/0/isabel-pantoja-no-desheredara-a-sus-hijos/
gente,https://www.20minutos.es/noticia/4977705/0/chris-rock-asegura-que-desconocia-la-alopecia-de-jada-pinkett-smith/
gente,https://www.20minutos.es/noticia/4977709/0/horoscopo-martes-29-marzo-2022/
economia,https://www.20minutos.es/noticia/4978961/0/las-gasolineras-low-cost-piden-que-no-se-apruebe-el-descuento-de-20-centimos-porque-asfixiara-al-sector/
economia,https://www.20minutos.es/noticia/4978660/0/calvino-inflacion-expertos-negan-ucrania/
economia,https://www.20minutos.es/noticia/4978504/0/como-solicitar-certificado-digital-hacer-declaracion-renta-online/
economia,https://www.20minutos.es/noticia/4978480/0/gasto-leche-crece-temor-desabastecimiento/
economia,https://www.20minutos.es/noticia/4978151/0/como-puedo-simular-mi-declaracion-renta-comprueba-si-sale-a-pagar-devolver-este-ano/
economia,https://www.20minutos.es/noticia/4978203/0/como-funciona-aplicacion-agencia-tributaria-renta-2021-2022/
economia,https://www.20minutos.es/noticia/4978226/0/tarjetas-revolving-que-riesgos-tiene-este-polemico-producto-financiero/
economia,https://www.20minutos.es/noticia/4978326/0/claves-tope-subida-alquileres-aprobado-gobierno/
economia,https://www.20minutos.es/noticia/4977980/0/garamendi-carga-contra-yolanda-diaz-si-no-permite-despedir-que-monte-una-empresa-ella/
economia,https://www.20minutos.es/noticia/4977874/0/mercadona-entre-los-comercios-mas-baratos-para-comprar-productos-basicos-de-bebes/
economia,https://www.20minutos.es/noticia/4977811/0/que-pagos-por-bizum-hay-que-incluir-declaracion-renta-2021/
economia,https://www.20minutos.es/noticia/4977822/0/los-camioneros-en-paro-piden-aguantar-y-aseguran-que-mantienen-el-80-de-los-apoyos-nos-quieren-hacer-invisibles/
economia,https://www.20minutos.es/noticia/4977779/0/cuanto-ha-variado-ipc-febrero-2021-hasta-hoy-espana-provincias/
economia,https://www.20minutos.es/noticia/4977763/0/hay-que-pagar-a-hacienda-algun-impuesto-por-vender-articulos-wallapop/
economia,https://www.20minutos.es/noticia/4977552/0/como-hacer-declaracion-renta-2021-si-has-cobrado-paro/
economia,https://www.20minutos.es/noticia/4977499/0/como-presentar-declaracion-renta-2021-fisicamente-oficinas/
economia,https://www.20minutos.es/noticia/4977126/0/subidas-de-tipos-de-interes-los-cambios-que-se-avecinan-en-tus-finanzas-personales/
economia,https://www.20minutos.es/noticia/4977450/0/como-conseguir-un-prestamo-si-eres-autonomo-lo-tienen-mucho-mas-dificil-que-los-asalariados/
economia,https://www.20minutos.es/noticia/4977396/0/repsol-cepsa-bp-las-petroleras-ya-ofrecian-descuentos-adicionales-de-hasta-14-centimos-por-litro/
economia,https://www.20minutos.es/noticia/4977429/0/las-profesiones-punto-mira-hacienda-por-el-uso-efectivo/
economia,https://www.20minutos.es/noticia/4977287/0/plan-ayudas-alquiler-limite-2-por-ciento-sector-problemas/
economia,https://www.20minutos.es/noticia/4977206/0/las-grandes-petroleras-europeas-han-comprado-crudo-ruso-por-valor-de-93-000-millones-desde-la-anexion-de-crimea/
economia,https://www.20minutos.es/noticia/4977183/0/la-firma-de-hipotecas-en-espana-crecio-un-29-4-en-enero/
economia,https://www.20minutos.es/noticia/4977121/0/claves-descuentos-en-gasolina-subida-del-ingreso-minimo-y-ayudas-a-la-industria-el-plan-para-paliar-las-consecuencias-economicas-de-la-guerra/
economia,https://www.20minutos.es/noticia/4976402/0/renta-2021-2022-como-saber-pagar-devolver-que-hacer/
economia,https://www.20minutos.es/noticia/4976365/0/como-solicitar-el-borrador-de-la-renta-2021-2022/
economia,https://www.20minutos.es/noticia/4976951/0/marzo-record-precio-de-la-luz-electricidad-sube/
economia,https://www.20minutos.es/noticia/4976948/0/guerra-dispara-precio-cebollas-tomates-judias-verdes-espana/
economia,https://www.20minutos.es/noticia/4976908/0/marta-ortega-presidenta-de-inditex-beneficios-record/
economia,https://www.20minutos.es/noticia/4976544/0/cuanto-paga-hacienda-venta-vivienda/
economia,https://www.20minutos.es/noticia/4976463/0/declaracion-renta-2021-deducciones-derecho-hacer-donaciones/
economia,https://www.20minutos.es/noticia/4976403/0/el-compre-ahora-y-pague-despues-resurge-en-internet-y-engancha-a-millenials/
economia,https://www.20minutos.es/noticia/4976782/0/el-precio-de-la-luz-cae-este-domingo/
economia,https://www.20minutos.es/noticia/4976605/0/mejor-mes-jubilarse-ganar-mas-dinero-2022/
economia,https://www.20minutos.es/noticia/4976601/0/movimientos-dinero-efectivo-declarar-hacienda/
economia,https://www.20minutos.es/noticia/4976439/0/renta-2021-como-saber-referencia-catastral-declaracion/
economia,https://www.20minutos.es/noticia/4976301/0/como-decide-seguridad-social-pierde-pension-incapacidad-permanente/
economia,https://www.20minutos.es/noticia/4976170/0/la-rapida-solucion-caixabank-para-atender-ucranianos-oficinas/
economia,https://www.20minutos.es/noticia/4974832/0/una-mirada-al-futuro-de-la-economia-y-el-consumo-en-europa/
economia,https://www.20minutos.es/noticia/4976150/0/ultimatum-seguridad-social-autonomos-base-cotizacion-finaliza-31-marzo/
economia,https://www.20minutos.es/noticia/4976155/0/pib-2021-crecimeinto-mas-corto-esimacion-gobierno/
economia,https://www.20minutos.es/noticia/4976133/0/sectores-para-trabajar-en-los-que-podrias-doblar-el-sueldo-pocos-anos/
economia,https://www.20minutos.es/noticia/4975942/0/renta-2021-2022-como-puedo-deducirme-movilidad-geografica-declaracion/
economia,https://www.20minutos.es/noticia/4975895/0/renta-2021-2022-que-son-rentas-exentas-por-que-no-tributan-irpf/
economia,https://www.20minutos.es/noticia/4975898/0/asufin-preve-que-la-compra-de-vivienda-siga-al-alza-pese-a-la-inflacion-y-el-impacto-de-la-guerra-de-ucrania/
economia,https://www.20minutos.es/noticia/4976050/0/cafmadrid-y-unibo-impulsan-mejores-gestiones-bancarias-online-y-el-ahorro-del-70-en-comunidades-de-propietarios/
economia,https://www.20minutos.es/noticia/4975871/0/cuales-son-metodos-identificacion-declaracion-renta-2021/
economia,https://www.20minutos.es/noticia/4975651/0/pagar-ahorros-financiar-reforma-casa-mejor-opcion/
economia,https://www.20minutos.es/noticia/4975581/0/el-precio-de-las-gasolinas-da-un-pequeno-respiro-tras-casi-tres-meses-seguidos-de-subidas-en-las-que-se-han-batido-records/
economia,https://www.20minutos.es/noticia/4975548/0/el-sepe-avisa-ya-esta-disponible-certificado-irpf-2021/
economia,https://www.20minutos.es/noticia/4975527/0/nestle-deja-sin-kit-kat-y-nesquik-a-rusia-y-limita-su-actividad-a-alimentos-esenciales-para-bebes-y-hospitales/
economia,https://www.20minutos.es/noticia/4975200/0/declaracion-individual-conjunta-renta-2021-cual-es-mas-recomendable/
economia,https://www.20minutos.es/noticia/4975364/0/telepizza-relanza-su-marca-con-una-nueva-receta-coincidiendo-con-su-35-aniversario/
economia,https://www.20minutos.es/noticia/4975029/0/gallo-alerta-que-puede-dejar-de-producir-su-pasta-ante-el-paro-de-transportistas-que-colapsa-la-distribucion/
economia,https://www.20minutos.es/noticia/4974988/0/cuanto-paro-me-corresponde-ano-meses-dias-trabajados/
economia,https://www.20minutos.es/noticia/4975003/0/cuatro-efectivos-trucos-ahorrar-dinero-factura-luz-ocu/
economia,https://www.20minutos.es/noticia/4974551/0/renta-2021-2022-que-es-la-x-solidaria-donde-va-dinero-si-marcas-casilla/
economia,https://www.20minutos.es/noticia/4974537/0/renta-2021-2022-como-beneficiarte-deduccion-gastos-guarderia/
economia,https://www.20minutos.es/noticia/4974811/0/muere-a-los-91-anos-el-expresidente-del-banco-popular-javier-valls-taberner/
economia,https://www.20minutos.es/noticia/4972233/0/es-buena-idea-pedir-un-prestamo-para-pagar-deudas-o-puede-resultar-una-ruina/
economia,https://www.20minutos.es/noticia/4974351/0/sepe-alerta-beneficiarios-subsidio-mayores-52-anos-renta/
economia,https://www.20minutos.es/noticia/4974061/0/como-consultar-datos-fiscales-necesarios-para-declaracion-renta-2022/
economia,https://www.20minutos.es/noticia/4974045/0/aviso-hacienda-renta-2021-2022-personas-obligacion-declarar-irpf/
economia,https://www.20minutos.es/noticia/4973945/0/como-proteger-las-finanzas-de-la-guerra-consejos-de-expertos-para-asegurar-los-inversiones/
economia,https://www.20minutos.es/noticia/4973997/0/por-que-pagar-gasolina-diesel-con-tarjeta-revolving-mas-caro/
economia,https://www.20minutos.es/noticia/4973823/0/dia-internacional-de-los-bosques-iberdrola-ha-plantado-mas-de-2-millones-de-arboles-desde-el-2020-en-siete-paises/
economia,https://www.20minutos.es/noticia/4973795/0/que-dia-se-cobra-la-pension-marzo-2022-caixabank-santander/
economia,https://www.20minutos.es/noticia/4972946/0/renta-2021-2022-como-solicitar-devolucion-contribuyente-fallecido/
economia,https://www.20minutos.es/noticia/4972556/0/placas-solares-viviendas-frente-tarifazo-electrico-ahorro-brutal-imaginar/
economia,https://www.20minutos.es/noticia/4972657/0/tres-pymes-espanolas-cuentan-como-han-hecho-realidad-sus-proyectos-de-innovacion-gracias-a-la-comision-europea/
economia,https://www.20minutos.es/noticia/4973575/0/defensor-pueblo-recibe-quejas-ciudadanos-invertido-criptomonedas-perdido/
economia,https://www.20minutos.es/noticia/4973179/0/bolsas-doritos-cinco-nachos-menos/
economia,https://www.20minutos.es/noticia/4973044/0/que-hacer-sacas-dinero-cajero-traga-billetes/
economia,https://www.20minutos.es/noticia/4973484/0/la-luz-sube-este-lunes-pero-continua-por-debajo-de-los-250-euros-mwh-por-quinto-dia-consecutivo/
economia,https://www.20minutos.es/noticia/4973438/0/precio-de-la-luz-se-duplica-marzo/
economia,https://www.20minutos.es/noticia/4973089/0/casos-no-ir-notario-repartir-herencia/
economia,https://www.20minutos.es/noticia/4972891/0/estas-son-deducciones-maternidad-que-puedes-solicitar-renta-2021/
economia,https://www.20minutos.es/noticia/4973097/0/aviso-hacienda-pueden-visitarte-trabajo/
economia,https://www.20minutos.es/noticia/4973054/0/importante-aviso-caixa-clientes-no-pierdan-dinero/
economia,https://www.20minutos.es/noticia/4972845/0/como-presentar-declaracionr-renta-si-has-estado-en-erte/
economia,https://www.20minutos.es/noticia/4969590/0/cuando-pedir-cita-realizar-declaracion-renta/
economia,https://www.20minutos.es/noticia/4972880/0/hiberus-ikt-incorpora-a-luis-gil-exdirectivo-de-everis-y-amatech-en-euskadi/
economia,https://www.20minutos.es/noticia/4972833/0/la-luz-bajara-un-4-46-este-sabado-y-se-mantiene-por-debajo-de-los-250-euros-mwh-por-tercer-dia-consecutivo/
economia,https://www.20minutos.es/noticia/4972816/0/la-bajada-del-petroleo-empieza-a-sentirse-en-las-gasolineras-el-litro-supera-los-2-euros-solo-en-once-establecimientos/
economia,https://www.20minutos.es/noticia/4972673/0/deberias-hipotecarte-alquilar-vivienda-mejor-opcion-ahorrar-400-euros/
madrid,https://www.20minutos.es/noticia/4978651/0/el-supremo-ve-delito-en-pintar-esculturas-y-condena-a-un-grafitero-a-pagar-1-376-euros-al-ayuntamiento-de-madrid/
madrid,https://www.20minutos.es/noticia/4978016/0/las-obras-del-primer-carril-bici-de-la-castellana-comienza-este-miercoles-sin-cortes-al-trafico/
madrid,https://www.20minutos.es/noticia/4978916/0/reyes-catolicos-e-islam-para-2-de-la-eso-y-filosofia-para-4-madrid-recupera-las-tematicas-que-deja-fuera-el-gobierno/
madrid,https://www.20minutos.es/noticia/4978873/0/comunidad-madrid-renueva-compromiso-ayudas-movilidad-cero-emisiones/
madrid,https://www.20minutos.es/noticia/4978642/0/comunidad-madrid-investigacion-fiscalia-europea-contrato-mascarillas-hermano-ayuso/
madrid,https://www.20minutos.es/noticia/4978541/0/la-fiscalia-de-madrid-denuncia-a-una-empleada-de-ugt-por-desviar-2-millones-del-fogasa-a-su-marido-y-tres-amigas/
madrid,https://www.20minutos.es/noticia/4978380/0/hallan-a-una-madre-y-su-hijo-muertos-desde-hace-varios-dias-en-una-vivienda-en-la-calle-atocha/
madrid,https://www.20minutos.es/noticia/4978937/0/comunidad-madrid-critica-plan-gobierno-energia-deja-fuera-transporte-publico/
madrid,https://www.20minutos.es/noticia/4978866/0/la-gran-manifestacion-del-orgullo-volvera-desfilar-en-madrid-el-9-de-julio/
madrid,https://www.20minutos.es/noticia/4978849/0/absueltos-los-controladores-aereos-y-el-gestor-de-la-navegacion-enaire-por-la-huelga-salvaje-del-ano-2010/
madrid,https://www.20minutos.es/noticia/4978819/0/ayuso-sobre-la-subida-de-la-inflacion-hoy-todas-las-familias-espanolas-son-casi-un-10-mas-pobres/
madrid,https://www.20minutos.es/noticia/4978684/0/comunidad-madrid-tarjeta-proteccion-refugiados-ucranianos/
madrid,https://www.20minutos.es/noticia/4978706/0/ayuso-concedera-a-zelenski-la-medalla-internacional-de-la-comunidad-de-madrid/
madrid,https://www.20minutos.es/noticia/4978500/0/la-beca-guarderia-en-madrid-llega-este-ano-a-1-681-ninos-cuatro-veces-mas-que-el-curso-anterior/
madrid,https://www.20minutos.es/noticia/4978384/0/la-fiscalia-europea-considera-un-desafio-a-la-supremacia-de-la-ue-seguir-con-la-investigacion-al-hermano-de-ayuso/
madrid,https://www.20minutos.es/noticia/4978318/0/reduccion-diputados-asamblea-madrid-negociacion-pp-vox/
madrid,https://www.20minutos.es/noticia/4978349/0/la-incidencia-crece-22-puntos-en-la-ciudad-de-madrid-y-12-en-la-comunidad-consulta-municipios-y-distritos-con-mas-covid/
madrid,https://www.20minutos.es/noticia/4978329/0/una-concejala-de-vox-en-madrid-asegura-estar-pasmada-porque-jovenes-de-12-a-14-anos-se-declaran-bisexuales/
madrid,https://www.20minutos.es/noticia/4978331/0/psoe-comunidad-madrid-propone-medidas-contra-subida-precio-energia/
madrid,https://www.20minutos.es/noticia/4978308/0/comision-estudio-bandas-juveniles-asamblea-madrid/
madrid,https://www.20minutos.es/noticia/4978279/0/europa-toma-nota-del-plan-de-natalidad-de-ayuso-para-cambiar-la-tendencia-y-garantizar-el-reemplazo-generacional/
madrid,https://www.20minutos.es/noticia/4978281/0/vox-se-opone-a-retirar-a-putin-la-medalla-de-oro-de-madrid-pero-el-resto-de-grupos-sacan-adelante-la-iniciativa/
madrid,https://www.20minutos.es/noticia/4978277/0/hombre-muere-atropellado-accidente-coche-mujer-finca-chincon/
madrid,https://www.20minutos.es/noticia/4978229/0/ayuso-ofrece-a-europa-la-gestion-de-madrid-con-los-refugiados-ucranianos-especialmente-con-los-ninos-con-cancer/
madrid,https://www.20minutos.es/noticia/4978145/0/la-reina-de-la-coca-se-niega-a-declarar-en-su-juicio-en-la-audiencia-nacional/
madrid,https://www.20minutos.es/noticia/4978057/0/ayuso-impulsara-la-innovacion-con-una-nueva-marca-que-sea-el-paraguas-de-los-inversores-y-pueda-competir-en-europa/
madrid,https://www.20minutos.es/noticia/4978018/0/las-madres-menores-de-30-anos-de-madrid-comenzaran-a-recibir-las-ayudas-de-la-comunidad-en-abril/
madrid,https://www.20minutos.es/noticia/4977997/0/comunidad-madrid-plan-ayudas-sociales-crisis-economica/
madrid,https://www.20minutos.es/noticia/4977940/0/proceso-escolarizacion-comunidad-madrid-curso-2022-2023/
madrid,https://www.20minutos.es/noticia/4977411/0/el-inesperado-apoyo-de-los-comerciantes-a-las-obras-de-sol-ahora-pasan-mas-por-la-tienda-y-consumen-mas/
madrid,https://www.20minutos.es/noticia/4977889/0/fin-a-notificar-en-el-telefono-gratuito-los-positivos-por-covid-asi-quedan-las-nuevas-normas-contra-el-virus-en-madrid/
madrid,https://www.20minutos.es/noticia/4977838/0/vox-vuelve-a-apoyar-a-almeida-mientras-el-alcalde-arremete-contra-sus-socios-alternativos-del-grupo-mixto/
madrid,https://www.20minutos.es/noticia/4977643/0/la-atencion-primaria-madrilena-se-examina-se-enviaran-20-000-sms-al-mes-a-los-usuarios-para-evaluar-su-calidad/
madrid,https://www.20minutos.es/noticia/4977684/0/hallan-el-cuerpo-de-un-joven-con-20-cortes-amordazado-de-pies-y-manos-en-una-casa-prefabricada-en-alcorcon/
madrid,https://www.20minutos.es/noticia/4977636/0/fiscalia-anticorrupcion-investigacion-europea-contrato-mascarillas-priviet-sportive/
madrid,https://www.20minutos.es/noticia/4977578/0/el-gregorio-maranon-primer-hospital-de-espana-en-secuenciar-de-manera-completa-el-genoma-humana/
madrid,https://www.20minutos.es/noticia/4977530/0/madrid-critica-el-plan-de-sanchez-para-la-gasolina-no-es-la-forma-de-gobernar-a-golpe-de-improvisacion-y-de-parches/
madrid,https://www.20minutos.es/noticia/4977550/0/ayuso-sobre-programa-incentivos-sanchez-subida-coste-energia/
madrid,https://www.20minutos.es/noticia/4977508/0/el-numero-2-de-la-emvs-sobre-el-espionaje-si-se-hubiera-contratado-lo-habria-hecho-yo-ni-lo-hice-ni-lo-haria/
madrid,https://www.20minutos.es/noticia/4977348/0/canal-directa-venta-alimentos-comunidad-madrid/
madrid,https://www.20minutos.es/noticia/4977313/0/madrid-pone-en-marcha-su-bus-lanzadera-para-refugiados-ucranianos-sera-gratuito-entre-el-centro-de-pozuelo-y-el-zendal/
madrid,https://www.20minutos.es/noticia/4977294/0/caso-de-espionaje-a-ayuso-la-oficina-contra-el-fraude-no-ve-corrupcion-y-el-comite-de-la-emvs-descarta-irregularidad/
madrid,https://www.20minutos.es/noticia/4977316/0/derrumbe-techo-estacion-portazgo-incidencia-linea-1-metro-madrid-interrupcion/
madrid,https://www.20minutos.es/noticia/4977303/0/investigacion-fiscalia-europea-contrato-priviet-sportive/
madrid,https://www.20minutos.es/noticia/4977271/0/ayuso-se-reunira-con-la-presidenta-del-parlamento-europeo-y-tres-comisarios-en-su-viaje-a-bruselas-de-esta-semana/
madrid,https://www.20minutos.es/noticia/4977237/0/los-ucranianos-ya-no-tendran-que-pasar-mas-noches-en-atocha-un-polideportivo-de-retiro-instala-240-camas/
madrid,https://www.20minutos.es/noticia/4977260/0/un-juzgado-embarga-el-sueldo-como-diputado-de-espinosa-de-los-monteros/
madrid,https://www.20minutos.es/noticia/4977254/0/encuentran-el-cadaver-de-un-hombre-con-veinte-punaladas-un-golpe-en-la-cabeza-y-las-manos-atadas-en-madrid/
madrid,https://www.20minutos.es/noticia/4977222/0/subastas-viviendas-madrid-distritos-ahorrar-hasta-30-por-ciento/
madrid,https://www.20minutos.es/noticia/4977020/0/investigacion-espionaje-ayuso-ayuntamiento-madrid/
madrid,https://www.20minutos.es/noticia/4977068/0/solidarios-mujer-carrera-contra-cancer/
madrid,https://www.20minutos.es/noticia/4977059/0/joven-pierde-control-coche-lleva-por-delante-vallas-acera-mendez-alvaro/
madrid,https://www.20minutos.es/noticia/4977015/0/presa-alberca-cenicientos-mayor-charca-europea-anfibios/
madrid,https://www.20minutos.es/noticia/4976933/0/ayuso-tacha-la-excepcion-iberica-de-sanchez-insiste-en-bajar-drasticamente-impuestos/
madrid,https://www.20minutos.es/noticia/4976928/0/detenido-grupo-violento-de-asaltantes-a-establecimientos-de-madrid/
madrid,https://www.20minutos.es/noticia/4976013/0/comunidad-madrid-encuesta-satisfaccion-transporte-publico/
madrid,https://www.20minutos.es/noticia/4976802/0/manifestacion-frente-a-exteriores-contra-el-giro-del-gobierno-sanchez-el-sahara-no-se-vende/
madrid,https://www.20minutos.es/noticia/4976795/0/varios-cientos-de-personas-secundan-la-protesta-de-avt-madrid-gritos-de-marlaska-dimision/
madrid,https://www.20minutos.es/noticia/4976401/0/con-kira-somos-una-familia-numerosa-especial-los-madrilenos-acogen-en-sus-casas-a-refugiados-de-ucrania/
madrid,https://www.20minutos.es/noticia/4976679/0/muere-un-trabajador-de-30-anos-en-madrid-tras-ser-aplastado-por-una-piedra-de-20-000-kilos-en-una-cantera/
madrid,https://www.20minutos.es/noticia/4976571/0/lastra-responde-a-ayuso-el-unico-que-se-forro-fue-tu-hermano/
madrid,https://www.20minutos.es/noticia/4976541/0/la-incidencia-en-la-comunidad-de-madrid-sube-20-69-puntos-desde-el-martes/
madrid,https://www.20minutos.es/noticia/4976358/0/muere-atropellada-por-su-propio-coche-tras-bajarse-en-una-zona-de-pendiente/
madrid,https://www.20minutos.es/noticia/4976392/0/ayuso-insiste-en-la-legalidad-del-contrato-vinculado-a-su-hermano-e-ironiza-falta-la-onu-por-pronunciarse/
madrid,https://www.20minutos.es/noticia/4976354/0/el-drama-de-luno-el-perro-que-lleva-11-dias-retenido-en-barajas-corre-el-riesgo-de-ser-deportado-o-sacrificado/
madrid,https://www.20minutos.es/noticia/4976290/0/ayuntamiento-se-volvera-a-reunir-con-comerciantes-de-sol-tras-las-quejas-para-explicar-bien-el-proyecto-de-reforma/
madrid,https://www.20minutos.es/noticia/4976313/0/ayuso-lanza-un-plan-para-el-olivo-nuevas-plantaciones-donaciones-de-cultivo-y-formacion-para-producir-mas-aceite/
madrid,https://www.20minutos.es/noticia/4976129/0/horario-calles-manifestacion-transporte-madrid-viernes-25-marzo/
madrid,https://www.20minutos.es/noticia/4975917/0/comunidad-madrid-programa-bilingue-extension-segundo-ciclo-infantil/
madrid,https://www.20minutos.es/noticia/4976032/0/la-huelga-de-transportistas-deja-a-los-supermercados-sin-leche-y-con-escasez-de-harina-aceite-de-girasol-pasta/
madrid,https://www.20minutos.es/noticia/4976025/0/asamblea-madrid-rechaza-enmiendas-totalidad-ley-omnibus/
madrid,https://www.20minutos.es/noticia/4975987/0/el-aumento-del-precio-del-carburante-lleva-a-los-madrilenos-a-utilizar-el-metro-porque-no-pueden-pagar-la-gasolina/
madrid,https://www.20minutos.es/noticia/4975968/0/segunda-reforma-ley-telemadrid-para-elegir-director-general/
madrid,https://www.20minutos.es/noticia/4975921/0/el-ayuntamiento-de-madrid-pondra-el-nombre-del-actor-alfredo-landa-a-un-parque-de-la-latina/
madrid,https://www.20minutos.es/noticia/4975517/0/planes-para-el-fin-de-semana-un-siglo-de-fotografia-en-fundacion-canal-y-el-interior-de-un-musical-en-a-chorus-line/
madrid,https://www.20minutos.es/noticia/4975759/0/calles-de-madrid-donde-se-han-implantado-nuevos-kilometros-carril-us/
madrid,https://www.20minutos.es/noticia/4975692/0/ecorridos-autobuses-emt-madrid-1972-plano-lineas-cabeceras/
madrid,https://www.20minutos.es/noticia/4975654/0/juicio-a-una-madre-acusada-de-intentar-matar-a-su-hijo-mientras-dormia-vi-el-cuchillo-y-me-decia-que-era-un-sueno/
madrid,https://www.20minutos.es/noticia/4975608/0/cae-una-red-que-clonaba-vehiculos-de-alta-gama-montaba-chasis-de-lujo-sobre-vehiculos-normales/
madrid,https://www.20minutos.es/noticia/4975625/0/sesion-control-gobierno-ayuso-asamblea-madrid/
madrid,https://www.20minutos.es/noticia/4975586/0/sesion-control-gobierno-ayuso-asamblea-madrid/
madrid,https://www.20minutos.es/noticia/4975417/0/comunidad-madrid-auditoria-subvenciones-airef/
madrid,https://www.20minutos.es/noticia/4975360/0/traslado-mayores-residencias-comunidad-madrid-entrada-vigor-nuevo-acuerdo-marco/
madrid,https://www.20minutos.es/noticia/4975442/0/desabastecimiento-comienza-notar-mercados-falta-pescado-arrastre-boqueron-anchoa-sardina/
madrid,https://www.20minutos.es/noticia/4975445/0/la-camara-de-cuentas-de-madrid-valida-los-contratos-de-emergencia-durante-la-covid-incluido-el-del-hermano-de-ayuso/
madrid,https://www.20minutos.es/noticia/4975253/0/madrid-acusa-a-sanchez-de-las-averias-en-el-cercanias-por-la-falta-de-inversion-un-retraso-de-5-000-millones-de-euros/
madrid,https://www.20minutos.es/noticia/4975254/0/comunidad-madrid-refugiados-ucranianos-atendidos-guerra/
madrid,https://www.20minutos.es/noticia/4975232/0/las-dos-unicas-capitales-de-provincia-espana-que-no-tienen-calle-en-madrid/
madrid,https://www.20minutos.es/noticia/4975177/0/consejero-ossorio-gobierno-diaz-ayuso-se-reafirma-informe-caritas-pobreza/
madrid,https://www.20minutos.es/noticia/4975125/0/cerca-de-una-docena-de-calles-con-alto-trafico-estrenan-carril-bus-goya-isaac-peral-diego-de-leon-av-de-la-moncloa/
madrid,https://www.20minutos.es/noticia/4975084/0/ayuso-celebra-que-almeida-vuelva-a-ser-solo-alcalde-tras-dejar-laportavocia-del-pp-me-alegro-de-haberlo-recuperado/
madrid,https://www.20minutos.es/noticia/4975087/0/una-mujer-da-a-luz-a-su-segunda-hija-en-el-portal-de-su-casa-de-madrid/
opinion,https://www.20minutos.es/opinion/helena-resano-cuando-nosotras-somos-nuestro-peor-enemigo-20220330-4978078/
opinion,https://www.20minutos.es/opinion/poderoso-don-dinero-20220330-4977784/
opinion,https://www.20minutos.es/opinion/con-efecto-inmediato-20220330-4978342/
opinion,https://www.20minutos.es/opinion/luis-algorri-cofoe-borges-20220330-4978063/
opinion,https://www.20minutos.es/opinion/merce-perea-no-reescriban-nuestra-historia-20220330-4978079/
opinion,https://www.20minutos.es/opinion/espido-freire-dificil-felicidad-20220330-4978134/
opinion,https://www.20minutos.es/opinion/el-diario-de-belen-esteban-y-otros-errores-de-la-reconversion-de-salvame-20220330-4977713/
opinion,https://www.20minutos.es/opinion/jaume-barbera-20-centimos-20220329-4978299/
opinion,https://www.20minutos.es/opinion/opinion-elias-israel-seleccion-espanola-parones-20220329-4977815/
opinion,https://www.20minutos.es/opinion/pablo-motos-cuando-se-opta-por-defender-lo-que-no-deberia-tener-defensa-20220329-4977724/
opinion,https://www.20minutos.es/opinion/veneno-contra-la-paz-20220329-4977749/
opinion,https://www.20minutos.es/opinion/carmelo-encinas-20-centimos-todos-20220329-4977699/
opinion,https://www.20minutos.es/opinion/juan-carlos-blanco-pongame-racion-realpolitik-sin-pasarse-20220329-4977410/
opinion,https://www.20minutos.es/opinion/y-si-ahorramos-un-poco-20220329-4977187/
opinion,https://www.20minutos.es/opinion/tres-aprendizajes-que-deberia-dejar-el-bofeton-de-will-smith-a-chris-rock-en-los-oscar-20220329-4977556/
opinion,https://www.20minutos.es/opinion/el-bofeton-de-will-smith-que-destruyo-a-los-oscar-2022-y-la-imagen-publica-del-actor-20220328-4977124/
opinion,https://www.20minutos.es/opinion/encarna-samitier-otro-paso-normalidad-20220328-4977063/
opinion,https://www.20minutos.es/opinion/joaquim-coll-punto-final-inmersion-lingueistica-20220328-4976988/
opinion,https://www.20minutos.es/opinion/noelia-nunez-por-ucrania-20220328-4976981/
opinion,https://www.20minutos.es/opinion/omar-anguita-no-sobra-refugiados-sobran-racistas-20220328-4976978/
opinion,https://www.20minutos.es/opinion/diego-carcedo-batas-blancas-contra-sinrazon-20220328-4976977/
opinion,https://www.20minutos.es/opinion/secret-story-la-decadencia-del-reality-de-encierro-20220328-4972395/
opinion,https://www.20minutos.es/opinion/opinion-alpine-fernando-alonso-esteban-ocon-gp-arabia-saudi-20220327-4977064/
opinion,https://www.20minutos.es/opinion/opinion-beatriz-carrillo-racismo-odio-no-tienen-excusas-20220327-4976393/
opinion,https://www.20minutos.es/opinion/este-articulo-es-una-hecatombe-20220327-4972114/
opinion,https://www.20minutos.es/opinion/por-que-diseno-biofilico-esta-entre-los-10-terminos-mas-buscados-en-pinterest-20220326-4975168/
opinion,https://www.20minutos.es/opinion/el-futuro-de-europa-y-mis-croquetas-20220326-4976565/
opinion,https://www.20minutos.es/opinion/el-fallo-de-el-desafio-de-antena-3-20220326-4972031/
opinion,https://www.20minutos.es/opinion/opinion-genoveva-crespo-tiempo-roldan-20220325-4976237/
opinion,https://www.20minutos.es/opinion/raul-rodriguez-vega-tropiezo-en-tropiezo-20220325-4976059/
opinion,https://www.20minutos.es/opinion/cristina-garcia-ramos-oscar-es-para-20220325-4975906/
opinion,https://www.20minutos.es/opinion/David-moreno-saenz-conocido-Rosal%C3%ADa-20220325-4975875/
opinion,https://www.20minutos.es/opinion/carmelo-encinas-sapo-sahara-20220325-4975876/
opinion,https://www.20minutos.es/opinion/el-condensador-de-fluzo-un-triunfo-para-la-2-20220325-4972004/
opinion,https://www.20minutos.es/opinion/contra-la-soledad-joan-ferran-20220324-4976027/
opinion,https://www.20minutos.es/opinion/poncio-pilato-en-wallapop-20220324-4974782/
opinion,https://www.20minutos.es/opinion/isabel-serrano-pasividad-20220324-4975478/
opinion,https://www.20minutos.es/opinion/manuel-mostaza-barrios-llegan-vientos-noroeste-20220324-4975372/
opinion,https://www.20minutos.es/opinion/espido-freire-lo-que-tenemos-20220324-4975309/
opinion,https://www.20minutos.es/opinion/vicente-valles-decisiones-tardias-dinero-perdido-20220324-4975376/
opinion,https://www.20minutos.es/opinion/la-escuela-de-almudena-ariza-lecciones-maestras-de-una-periodista-del-telediario-20220324-4974812/
opinion,https://www.20minutos.es/opinion/jesus-morales-abrir-cerrar-20220323-4974795/
opinion,https://www.20minutos.es/opinion/diego-carcedo-sahara-mas-que-impacto-20220323-4974799/
opinion,https://www.20minutos.es/opinion/rebeca-marin-es-el-eufemismo-que-se-ponga-20220323-4974604/
opinion,https://www.20minutos.es/opinion/luis-algorri-los-otros-refugiados-20220323-4974553/
opinion,https://www.20minutos.es/opinion/helena-resano-europa-debe-futuro-ucrania-20220323-4974534/
opinion,https://www.20minutos.es/opinion/el-fin-del-presentador-de-television-20220323-4971958/
opinion,https://www.20minutos.es/opinion/malestar-jaume-barbera-20220322-4974780/
opinion,https://www.20minutos.es/opinion/por-que-no-hay-homosexuales-en-el-futbol-masculino-la-explicacion-que-canizares-desconoce-20220322-4973625/
opinion,https://www.20minutos.es/opinion/carmelo-encinas-transportistas-civilizados-20220322-4974186/
opinion,https://www.20minutos.es/opinion/alex-gonzalez-cambio-hora-20220322-4973978/
opinion,https://www.20minutos.es/opinion/cesar-javier-palacios-belleza-irse-ramas-20220322-4973957/
opinion,https://www.20minutos.es/opinion/joaquim-coll-sahara-cruda-realidad-20220322-4974009/
opinion,https://www.20minutos.es/opinion/lapidacion-en-twitter-20220322-4973788/
opinion,https://www.20minutos.es/opinion/encarna-samitier-masivo-basta-ya-20220321-4973608/
opinion,https://www.20minutos.es/opinion/noelia-nunez-a-oscuras-20220321-4973518/
opinion,https://www.20minutos.es/opinion/omar-anguita-toca-ser-patriotas-verdad-20220321-4973524/
opinion,https://www.20minutos.es/opinion/diego-carcedo-comer-sin-pagar-20220321-4973530/
opinion,https://www.20minutos.es/opinion/laura-hurtado-ucrania-reflejo-desigualdad-20220321-4973521/
opinion,https://www.20minutos.es/opinion/inaki-ortega-guerra-nuestra-guerra-20220321-4973578/
opinion,https://www.20minutos.es/opinion/la-perdida-de-inocencia-de-rosa-lopez-20220320-4973622/
opinion,https://www.20minutos.es/opinion/motivos-meneo-historico-barcelona-de-xavi-al-madrid-20220320-4973623/
opinion,https://www.20minutos.es/opinion/fernando-alonso-gp-bahrein-resultado-20220320-4973581/
opinion,https://www.20minutos.es/opinion/para-los-afganos-en-el-extranjero-20220320-4973509/
opinion,https://www.20minutos.es/opinion/francisco-aranda-pp-renuncia-transicion-20220320-4972361/
opinion,https://www.20minutos.es/opinion/el-horror-con-musica-de-fondo-20220320-4971666/
opinion,https://www.20minutos.es/opinion/preparado-registro-unificado-refugiados-europa-20220319-4973157/
opinion,https://www.20minutos.es/opinion/escalera-potemkin-20220319-4973078/
opinion,https://www.20minutos.es/opinion/putin-son-los-otros-y-el-maestro-juan-martinez-20220319-4972745/
opinion,https://www.20minutos.es/opinion/las-consecuencias-de-que-belen-esteban-descubra-los-trucos-de-salvame-20220319-4971463/
opinion,https://www.20minutos.es/opinion/silencio-ante-la-guerra-20220318-4972612/
opinion,https://www.20minutos.es/opinion/causa-comun-en-un-mundo-incierto-20220318-4972359/
opinion,https://www.20minutos.es/opinion/alejandra-jacinto-donde-estan-pobres-que-yo-vea-20220318-4972573/
opinion,https://www.20minutos.es/opinion/el-problema-para-chanel-del-videoclip-de-slomo-20220318-4971384/
opinion,https://www.20minutos.es/opinion/joaquim-coll-putin-en-la-telarana-del-proces-20220318-4972516/
opinion,https://www.20minutos.es/opinion/cristina-garcia-ramos-manual-autoayuda-20220318-4972570/
opinion,https://www.20minutos.es/opinion/raul-rodriguez-vega-olvidar-guerra-20220318-4972575/
opinion,https://www.20minutos.es/opinion/david-moreno-dias-ardientes-ave-fenix-20220318-4972352/
opinion,https://www.20minutos.es/opinion/carmelos-encinas-malditos-amigos-putin-20220318-4972355/
opinion,https://www.20minutos.es/opinion/a-la-grena-joan-ferran-20220317-4972512/
opinion,https://www.20minutos.es/opinion/el-meme-mas-repetido-de-la-calima-y-lo-que-delata-de-nuestros-referentes-20220317-4971337/
opinion,https://www.20minutos.es/opinion/isabel-serrano-ninos-guerra-ucrania-20220317-4971949/
opinion,https://www.20minutos.es/opinion/belen-molleda-senoritos-europa-20220317-4971736/
opinion,https://www.20minutos.es/opinion/mario-garces-putinismo-20220317-4971719/
opinion,https://www.20minutos.es/opinion/esclavos-de-twitch-20220317-4971454/
